[
  {
    "id": "1",
    "name": "Cortensor-AIOracle",
    "description": "AI-powered oracle system providing predictive insights and intelligent forecasting for complex decision-making scenarios.",
    "category": "Agent",
    "demoLink": "https://github.com/cortensor/community-projects/tree/main/apps/Cortensor-AIOracle",
    "rating": 5,
    "reviews": 342
  },
  {
    "id": "2",
    "name": "Cortensor-AnalystAI",
    "description": "Advanced data analysis assistant that transforms raw data into actionable business intelligence and strategic recommendations.",
    "category": "Analytics",
    "demoLink": "https://github.com/cortensor/community-projects/tree/main/apps/Cortensor-AnalystAI",
    "rating": 5,
    "reviews": 521
  },
  {
    "id": "3",
    "name": "Cortensor-EurekaAI",
    "description": "Breakthrough discovery engine leveraging AI to identify patterns and insights across vast datasets for research acceleration.",
    "category": "Analytics",
    "demoLink": "https://github.com/cortensor/community-projects/tree/main/apps/Cortensor-EurekaAI",
    "rating": 4,
    "reviews": 287
  },
  {
    "id": "4",
    "name": "Cortensor-EurekaBuddyBot",
    "description": "Collaborative AI companion designed to assist researchers and innovators in brainstorming and problem-solving sessions.",
    "category": "Agent",
    "demoLink": "https://github.com/cortensor/community-projects/tree/main/apps/Cortensor-EurekaBuddyBot",
    "rating": 4,
    "reviews": 198
  },
  {
    "id": "5",
    "name": "Cortensor-XGenBot",
    "description": "Next-generation conversational agent with advanced context understanding and multi-domain expertise capabilities.",
    "category": "Agent",
    "demoLink": "https://github.com/cortensor/community-projects/tree/main/apps/Cortensor-XGenBot",
    "rating": 5,
    "reviews": 456
  },
  {
    "id": "6",
    "name": "Health Advisor",
    "description": "Personalized health and wellness consultation platform powered by medical AI for lifestyle recommendations and health insights.",
    "category": "Verification",
    "demoLink": "https://github.com/cortensor/community-projects/tree/main/apps/Health_Advisor",
    "rating": 4,
    "reviews": 234
  },
  {
    "id": "7",
    "name": "cortensor-chatweb-eliza",
    "description": "Web-based conversational interface using ELIZA-inspired natural language processing for therapeutic and supportive dialogues.",
    "category": "Agent",
    "demoLink": "https://github.com/cortensor/community-projects/tree/main/apps/cortensor-chatweb-eliza",
    "rating": 3,
    "reviews": 156
  },
  {
    "id": "8",
    "name": "cortensor-chatweb-eureka",
    "description": "Interactive web chat system designed for knowledge discovery and collaborative ideation through AI-assisted conversations.",
    "category": "Agent",
    "demoLink": "https://github.com/cortensor/community-projects/tree/main/apps/cortensor-chatweb-eureka",
    "rating": 4,
    "reviews": 412
  },
  {
    "id": "9",
    "name": "cortensor-linktree-ai-main",
    "description": "Intelligent link management and bio page generator with AI-driven optimization for maximum engagement and conversions.",
    "category": "Template",
    "demoLink": "https://github.com/cortensor/community-projects/tree/main/apps/cortensor-linktree-ai-main",
    "rating": 3,
    "reviews": 176
  },
  {
    "id": "10",
    "name": "daily-motivation-bot",
    "description": "Automated motivational assistant delivering personalized inspirational content and goal-tracking support to boost productivity.",
    "category": "Agent",
    "demoLink": "https://github.com/cortensor/community-projects/tree/main/apps/daily-motivation-bot",
    "rating": 3,
    "reviews": 89
  },
  {
    "id": "11",
    "name": "eliza-chatbot",
    "description": "Classic psychotherapist-style chatbot reimagined with modern NLP techniques for empathetic and reflective conversations.",
    "category": "Agent",
    "demoLink": "https://github.com/cortensor/community-projects/tree/main/apps/eliza-chatbot",
    "rating": 3,
    "reviews": 134
  },
  {
    "id": "12",
    "name": "hello-world-bot",
    "description": "Simple starter bot template perfect for learning AI integration basics and rapid prototyping of conversational interfaces.",
    "category": "Template",
    "demoLink": "https://github.com/cortensor/community-projects/tree/main/apps/hello-world-bot",
    "rating": 2,
    "reviews": 67
  },
  {
    "id": "13",
    "name": "prompt_helper",
    "description": "Intelligent prompt engineering assistant that optimizes and refines prompts for better AI model outputs and responses.",
    "category": "Analytics",
    "demoLink": "https://github.com/cortensor/community-projects/tree/main/apps/prompt_helper",
    "rating": 4,
    "reviews": 298
  },
  {
    "id": "14",
    "name": "tensorme-advanced",
    "description": "Enterprise-grade tensor computation platform with advanced machine learning capabilities and distributed processing support.",
    "category": "Analytics",
    "demoLink": "https://github.com/cortensor/community-projects/tree/main/apps/tensorme-advanced",
    "rating": 5,
    "reviews": 689
  },
  {
    "id": "15",
    "name": "tensorme-simple",
    "description": "Lightweight tensor operations toolkit designed for quick experimentation and educational purposes in machine learning projects.",
    "category": "Template",
    "demoLink": "https://github.com/cortensor/community-projects/tree/main/apps/tensorme-simple",
    "rating": 3,
    "reviews": 145
  }
]